{
    "b_c1": {
        "pos": [
            8.790173828125,
            7.2708447265625
        ],
        "rot": 179.95440666605734
    },
    "b_c2": {
        "pos": [
            8.8033564453125,
            6.1819736328125
        ],
        "rot": 179.95440666605734
    },
    "b_c3": {
        "pos": [
            8.7945927734375,
            5.0901748046875
        ],
        "rot": -179.999991348578
    },
    "b_p": {
        "pos": [
            6.0138955078125,
            0.02060009765625
        ],
        "rot": 90.00000250447816
    },
    "b_r1": {
        "pos": [
            3.65305224609375,
            3.881628662109375
        ],
        "rot": 179.999991348578
    },
    "b_r10": {
        "pos": [
            4.79067041015625,
            3.23965673828125
        ],
        "rot": -59.99999483946294
    },
    "b_r11": {
        "pos": [
            4.23946484375,
            3.234284912109375
        ],
        "rot": -120.00000333930423
    },
    "b_r12": {
        "pos": [
            3.9493920898437502,
            3.39113916015625
        ],
        "rot": -120.00000333930423
    },
    "b_r2": {
        "pos": [
            3.65305224609375,
            4.202857421875
        ],
        "rot": 179.999991348578
    },
    "b_r3": {
        "pos": [
            3.94021435546875,
            4.6988037109375
        ],
        "rot": 120.00000333930423
    },
    "b_r4": {
        "pos": [
            4.2079375,
            4.85073486328125
        ],
        "rot": 120.00000333930423
    },
    "b_r5": {
        "pos": [
            4.78886669921875,
            4.87739697265625
        ],
        "rot": 59.99999483946294
    },
    "b_r6": {
        "pos": [
            5.06084765625,
            4.67925439453125
        ],
        "rot": 59.99999483946294
    },
    "b_r7": {
        "pos": [
            5.35064453125,
            4.2005161132812505
        ],
        "rot": 6.830189170012751e-06
    },
    "b_r8": {
        "pos": [
            5.35064453125,
            3.8730556640625
        ],
        "rot": 6.830189170012751e-06
    },
    "b_r9": {
        "pos": [
            5.0777436523437505,
            3.3922307128906253
        ],
        "rot": -59.99999483946294
    },
    "b_s1_1": {
        "pos": [
            0.3748408203125,
            7.0577490234375
        ],
        "rot": -52.66030770831309
    },
    "b_s1_2": {
        "pos": [
            0.7058271484375,
            7.292599609375
        ],
        "rot": -52.66030770831309
    },
    "b_s1_3": {
        "pos": [
            1.0328212890625,
            7.5324306640625
        ],
        "rot": -52.66030770831309
    },
    "b_s1_4": {
        "pos": [
            1.3616513671875001,
            7.769759765625
        ],
        "rot": -52.66030770831309
    },
    "b_s2_1": {
        "pos": [
            0.3764296875,
            1.01574072265625
        ],
        "rot": 52.19010724056566
    },
    "b_s2_2": {
        "pos": [
            0.70644970703125,
            0.77985595703125
        ],
        "rot": 52.19010724056566
    },
    "b_s2_3": {
        "pos": [
            1.035287109375,
            0.54226025390625
        ],
        "rot": 52.19010724056566
    },
    "b_s2_4": {
        "pos": [
            1.3631215820312501,
            0.3032392578125
        ],
        "rot": 52.19010724056566
    },
    "r_c1": {
        "pos": [
            8.79573828125,
            0.796353515625
        ],
        "rot": -0.04559833956395182
    },
    "r_c2": {
        "pos": [
            8.7825556640625,
            1.8852250976562501
        ],
        "rot": -0.04559833956395182
    },
    "r_c3": {
        "pos": [
            8.7913193359375,
            2.9770234375
        ],
        "rot": 2.845214123068365
    },
    "r_p": {
        "pos": [
            11.572017578125001,
            8.04659765625
        ],
        "rot": -90.00000250447816
    },
    "r_r1": {
        "pos": [
            13.932861328125,
            4.1855693359375
        ],
        "rot": -1.3660378340025502e-05
    },
    "r_r10": {
        "pos": [
            12.7952421875,
            4.827541015625
        ],
        "rot": 120.00000333930423
    },
    "r_r11": {
        "pos": [
            13.358474609375,
            4.85374267578125
        ],
        "rot": 59.99998800927377
    },
    "r_r12": {
        "pos": [
            13.645048828125,
            4.690828125
        ],
        "rot": 59.99998800927377
    },
    "r_r2": {
        "pos": [
            13.932861328125,
            3.86434033203125
        ],
        "rot": -1.3660378340025502e-05
    },
    "r_r3": {
        "pos": [
            13.64569921875,
            3.3683940429687502
        ],
        "rot": -59.99999483946294
    },
    "r_r4": {
        "pos": [
            13.377974609375,
            3.216462890625
        ],
        "rot": -59.99999483946294
    },
    "r_r5": {
        "pos": [
            12.797045898437501,
            3.18980078125
        ],
        "rot": -120.00000333930423
    },
    "r_r6": {
        "pos": [
            12.525064453125001,
            3.387943359375
        ],
        "rot": -120.00000333930423
    },
    "r_r7": {
        "pos": [
            12.2352685546875,
            3.866681640625
        ],
        "rot": -179.999991348578
    },
    "r_r8": {
        "pos": [
            12.2352685546875,
            4.1941420898437505
        ],
        "rot": -179.999991348578
    },
    "r_r9": {
        "pos": [
            12.508169921875,
            4.674966796875
        ],
        "rot": 120.00000333930423
    },
    "r_s1_1": {
        "pos": [
            17.211072265625,
            1.00944921875
        ],
        "rot": 127.33969730064324
    },
    "r_s1_2": {
        "pos": [
            16.8800859375,
            0.77459814453125
        ],
        "rot": 127.33969730064324
    },
    "r_s1_3": {
        "pos": [
            16.553091796875,
            0.5347666015625
        ],
        "rot": 127.33969730064324
    },
    "r_s1_4": {
        "pos": [
            16.22426171875,
            0.2974375
        ],
        "rot": 127.33969730064324
    },
    "r_s2_1": {
        "pos": [
            17.209484375,
            7.05145654296875
        ],
        "rot": -127.80990118348527
    },
    "r_s2_2": {
        "pos": [
            16.879462890625,
            7.287341796875
        ],
        "rot": -127.80990118348527
    },
    "r_s2_3": {
        "pos": [
            16.550626953125,
            7.5249375
        ],
        "rot": -127.80990118348527
    },
    "r_s2_4": {
        "pos": [
            16.2227919921875,
            7.763958007812501
        ],
        "rot": -127.80990118348527
    }
}